id,label
17801,11
17802,6
17803,4
17804,8
17805,3
17806,8
17807,1
17808,1
17809,2
17810,4
17811,3
17812,0
17813,12
17814,12
17815,13
17816,9
17817,1
17818,1
17819,11
17820,12
17821,14
17822,9
17823,13
17824,6
17825,1
17826,2
17827,7
17828,3
17829,8
17830,1
17831,0
17832,14
17833,8
17834,10
17835,14
17836,6
17837,11
17838,8
17839,6
17840,10
17841,4
17842,14
17843,12
17844,3
17845,2
17846,10
17847,3
17848,2
17849,4
17850,2
17851,10
17852,0
17853,10
17854,0
17855,1
17856,9
17857,2
17858,8
17859,13
17860,1
17861,2
17862,11
17863,4
17864,5
17865,5
17866,8
17867,11
17868,7
17869,8
17870,4
17871,5
17872,5
17873,4
17874,8
17875,4
17876,6
17877,4
17878,15
17879,11
17880,0
17881,9
17882,15
17883,5
17884,11
17885,7
17886,15
17887,11
17888,10
17889,0
17890,10
17891,12
17892,5
17893,15
17894,15
17895,3
17896,4
17897,11
17898,10
17899,6
17900,5
17901,6
17902,11
17903,1
17904,12
17905,7
17906,1
17907,15
17908,9
17909,10
17910,1
17911,7
17912,7
17913,7
17914,14
17915,2
17916,4
17917,1
17918,14
17919,12
17920,1
17921,13
17922,1
17923,3
17924,6
17925,1
17926,10
17927,0
17928,6
17929,4
17930,12
17931,8
17932,1
17933,13
17934,8
17935,10
17936,3
17937,11
17938,11
17939,5
17940,5
17941,6
17942,6
17943,2
17944,3
17945,2
17946,9
17947,9
17948,0
17949,0
17950,14
17951,10
17952,10
17953,1
17954,11
17955,7
17956,3
17957,14
17958,1
17959,1
17960,14
17961,3
17962,11
17963,2
17964,13
17965,7
17966,14
17967,4
17968,5
17969,7
17970,9
17971,12
17972,10
17973,4
17974,7
17975,4
17976,0
17977,1
17978,6
17979,11
17980,8
17981,15
17982,11
17983,3
17984,2
17985,3
17986,3
17987,14
17988,3
17989,11
17990,2
17991,9
17992,5
17993,6
17994,2
17995,4
17996,9
17997,2
17998,9
17999,10
18000,7
18001,1
18002,13
18003,1
18004,0
18005,15
18006,1
18007,4
18008,1
18009,4
18010,4
18011,8
18012,6
18013,6
18014,7
18015,4
18016,4
18017,13
18018,3
18019,10
18020,12
18021,1
18022,6
18023,0
18024,8
18025,10
18026,2
18027,12
18028,4
18029,1
18030,1
18031,12
18032,15
18033,8
18034,11
18035,2
18036,6
18037,7
18038,12
18039,11
18040,12
18041,9
18042,3
18043,14
18044,13
18045,7
18046,10
18047,8
18048,0
18049,4
18050,4
18051,9
18052,8
18053,3
18054,7
18055,13
18056,8
18057,9
18058,15
18059,6
18060,0
18061,4
18062,11
18063,0
18064,2
18065,9
18066,5
18067,12
18068,5
18069,0
18070,4
18071,3
18072,2
18073,6
18074,5
18075,8
18076,14
18077,9
18078,2
18079,10
18080,2
18081,8
18082,1
18083,3
18084,3
18085,13
18086,11
18087,2
18088,1
18089,9
18090,9
18091,11
18092,11
18093,5
18094,0
18095,15
18096,11
18097,3
18098,11
18099,4
18100,0
18101,3
18102,2
18103,15
18104,5
18105,14
18106,8
18107,12
18108,2
18109,10
18110,9
18111,13
18112,0
18113,10
18114,0
18115,10
18116,7
18117,6
18118,8
18119,11
18120,4
18121,10
18122,6
18123,6
18124,3
18125,0
18126,5
18127,1
18128,0
18129,15
18130,12
18131,5
18132,10
18133,11
18134,13
18135,13
18136,2
18137,14
18138,1
18139,10
18140,4
18141,15
18142,11
18143,4
18144,9
18145,1
18146,4
18147,10
18148,1
18149,13
18150,0
18151,3
18152,12
18153,5
18154,14
18155,4
18156,0
18157,5
18158,15
18159,10
18160,8
18161,12
18162,15
18163,6
18164,0
18165,3
18166,1
18167,7
18168,10
18169,3
18170,11
18171,15
18172,6
18173,10
18174,2
18175,6
18176,11
18177,9
18178,10
18179,11
18180,7
18181,8
18182,10
18183,6
18184,3
18185,4
18186,10
18187,2
18188,0
18189,12
18190,11
18191,15
18192,1
18193,14
18194,4
18195,0
18196,15
18197,2
18198,1
18199,7
18200,15
18201,0
18202,2
18203,12
18204,5
18205,12
18206,10
18207,0
18208,1
18209,3
18210,14
18211,10
18212,6
18213,13
18214,1
18215,2
18216,1
18217,14
18218,4
18219,3
18220,0
18221,2
18222,0
18223,15
18224,14
18225,4
18226,11
18227,12
18228,9
18229,2
18230,6
18231,3
18232,2
18233,6
18234,9
18235,0
18236,2
18237,8
18238,6
18239,10
18240,12
18241,6
18242,5
18243,14
18244,12
18245,14
18246,7
18247,3
18248,7
18249,0
18250,15
18251,10
18252,11
18253,12
18254,1
18255,8
18256,0
18257,4
18258,11
18259,2
18260,5
18261,4
18262,3
18263,10
18264,14
18265,8
18266,11
18267,4
18268,4
18269,1
18270,9
18271,4
18272,6
18273,12
18274,6
18275,4
18276,9
18277,6
18278,1
18279,3
18280,11
18281,2
18282,15
18283,8
18284,4
18285,5
18286,4
18287,4
18288,14
18289,6
18290,5
18291,12
18292,13
18293,9
18294,7
18295,7
18296,13
18297,2
18298,3
18299,15
18300,1
18301,7
18302,9
18303,12
18304,8
18305,2
18306,0
18307,8
18308,10
18309,0
18310,13
18311,14
18312,15
18313,8
18314,5
18315,8
18316,0
18317,2
18318,7
18319,12
18320,3
18321,8
18322,12
18323,14
18324,9
18325,0
18326,13
18327,15
18328,13
18329,0
18330,3
18331,12
18332,10
18333,6
18334,13
18335,3
18336,12
18337,14
18338,5
18339,14
18340,10
18341,9
18342,8
18343,12
18344,11
18345,9
18346,9
18347,8
18348,7
18349,9
18350,1
18351,13
18352,8
18353,8
18354,12
18355,4
18356,11
18357,1
18358,2
18359,3
18360,0
18361,0
18362,1
18363,0
18364,11
18365,5
18366,11
18367,5
18368,14
18369,6
18370,10
18371,4
18372,4
18373,15
18374,13
18375,3
18376,15
18377,0
18378,4
18379,5
18380,0
18381,8
18382,13
18383,11
18384,3
18385,8
18386,2
18387,10
18388,9
18389,7
18390,0
18391,1
18392,2
18393,11
18394,9
18395,12
18396,13
18397,6
18398,12
18399,0
18400,4
18401,8
18402,1
18403,1
18404,1
18405,2
18406,0
18407,4
18408,7
18409,8
18410,10
18411,8
18412,14
18413,9
18414,13
18415,0
18416,14
18417,6
18418,3
18419,7
18420,11
18421,8
18422,12
18423,4
18424,14
18425,0
18426,14
18427,0
18428,11
18429,3
18430,14
18431,6
18432,1
18433,7
18434,14
18435,7
18436,11
18437,12
18438,10
18439,12
18440,2
18441,12
18442,3
18443,8
18444,1
18445,14
18446,9
18447,9
18448,4
18449,12
18450,2
18451,13
18452,2
18453,15
18454,0
18455,4
18456,6
18457,3
18458,8
18459,6
18460,5
18461,3
18462,7
18463,10
18464,2
18465,7
18466,13
18467,10
18468,15
18469,15
18470,2
18471,1
18472,4
18473,1
18474,12
18475,13
18476,15
18477,10
18478,13
18479,7
18480,14
18481,13
18482,9
18483,15
18484,7
18485,11
18486,0
18487,8
18488,5
18489,4
18490,15
18491,6
18492,8
18493,13
18494,3
18495,13
18496,14
18497,11
18498,12
18499,10
18500,4
18501,10
18502,8
18503,2
18504,15
18505,4
18506,5
18507,11
18508,3
18509,12
18510,13
18511,1
18512,5
18513,9
18514,8
18515,3
18516,3
18517,7
18518,10
18519,1
18520,7
18521,6
18522,13
18523,14
18524,6
18525,14
18526,3
18527,5
18528,1
18529,0
18530,5
18531,11
18532,5
18533,7
18534,4
18535,9
18536,4
18537,3
18538,12
18539,14
18540,5
18541,8
18542,10
18543,15
18544,13
18545,15
18546,15
18547,2
18548,0
18549,0
18550,6
18551,14
18552,9
18553,1
18554,7
18555,6
18556,1
18557,6
18558,8
18559,7
18560,2
18561,2
18562,4
18563,0
18564,7
18565,5
18566,6
18567,0
18568,13
18569,5
18570,4
18571,3
18572,14
18573,11
18574,15
18575,0
18576,1
18577,2
18578,7
18579,0
18580,0
18581,11
18582,6
18583,0
18584,3
18585,4
18586,8
18587,14
18588,6
18589,14
18590,2
18591,12
18592,0
18593,1
18594,13
18595,14
18596,1
18597,2
18598,6
18599,15
18600,10
18601,9
18602,4
18603,15
18604,10
18605,7
18606,2
18607,2
18608,8
18609,6
18610,4
18611,13
18612,7
18613,15
18614,15
18615,3
18616,2
18617,13
18618,4
18619,9
18620,11
18621,9
18622,12
18623,5
18624,14
18625,12
18626,9
18627,2
18628,4
18629,0
18630,5
18631,5
18632,15
18633,1
18634,6
18635,7
18636,8
18637,0
18638,15
18639,15
18640,4
18641,8
18642,9
18643,3
18644,4
18645,8
18646,14
18647,13
18648,5
18649,13
18650,11
18651,2
18652,15
18653,15
18654,7
18655,2
18656,12
18657,6
18658,15
18659,6
18660,9
18661,10
18662,0
18663,5
18664,6
18665,14
18666,1
18667,0
18668,8
18669,9
18670,8
18671,8
18672,15
18673,4
18674,0
18675,11
18676,3
18677,3
18678,3
18679,11
18680,2
18681,13
18682,5
18683,9
18684,15
18685,5
18686,1
18687,13
18688,2
18689,11
18690,4
18691,15
18692,7
18693,6
18694,15
18695,8
18696,7
18697,12
18698,8
18699,3
18700,4
