id,label
18282,13
18296,13
17833,8
17827,7
18241,6
18527,0
18533,13
18255,11
18269,1
18080,15
18094,15
18043,14
18057,9
18692,7
18686,12
18651,2
18137,14
18123,6
18645,8
18679,15
18490,15
18484,7
17947,9
17953,6
18335,3
18453,15
18447,9
18321,8
18309,0
17984,2
17990,2
17991,9
18308,10
17985,3
18446,12
18320,3
18334,13
18452,2
17952,11
17946,9
18485,5
18491,6
18678,3
18122,6
18644,4
18650,11
18136,5
18687,13
18693,6
18056,8
18042,3
18095,15
18081,8
18268,4
18532,13
18254,7
18240,12
18526,7
17826,2
17832,14
18297,2
18283,8
18295,0
17818,1
18281,2
17824,6
17830,1
18256,15
18530,0
18524,9
18242,7
18518,10
18097,11
18083,3
18054,10
18040,12
18068,5
18685,12
18691,0
18646,14
18120,4
18134,13
18652,14
18108,2
18487,8
17978,6
18493,10
17950,14
17944,3
18322,4
18444,11
18450,2
18336,12
18478,13
17993,6
17987,14
17986,3
17992,12
18479,7
18451,5
18337,14
18323,5
18445,14
17945,2
17951,10
18492,11
17979,0
18486,15
18109,10
18135,13
18653,0
18647,13
18121,11
18690,4
18684,15
18069,1
18041,9
18055,6
18082,1
18096,11
18519,1
18525,14
18243,14
18257,4
18531,11
17831,0
17825,1
18280,1
18294,5
17819,0
17821,14
17835,0
18290,12
18284,4
17809,2
18509,12
18535,9
18253,6
18247,3
18521,6
18092,1
18086,10
18079,10
18051,9
18045,7
18680,2
18694,14
18119,6
18125,10
18643,3
18657,6
18131,0
17955,15
17941,6
17969,13
18482,9
18496,13
17996,5
18469,11
17982,13
18441,12
18327,10
18333,6
18455,10
18332,10
18454,0
18440,2
18326,12
17983,4
18468,15
17997,2
18497,10
18483,0
17968,4
17940,0
17954,8
18656,11
18130,12
18124,3
18642,9
18118,8
18695,8
18681,10
18044,13
18050,4
18078,2
18087,2
18093,6
18246,4
18520,1
18534,4
18252,11
18508,3
18285,15
17808,3
18291,12
17834,10
17820,12
17836,6
17822,9
18287,12
18293,9
18278,1
18522,13
18244,4
18250,13
18536,4
18085,13
18091,1
18046,10
18052,8
18697,12
18683,6
18668,8
18132,5
18654,12
18640,4
18126,5
17942,7
17956,3
18495,13
18481,13
17981,6
18318,8
17995,3
18456,6
18330,3
18324,9
18442,3
18325,0
18443,8
18457,3
18331,12
18319,12
17994,2
17980,8
18480,14
18494,3
17957,15
17943,2
18641,8
18127,7
18133,11
18655,0
18669,1
18682,11
18696,7
18053,3
18047,8
18090,9
18084,3
18251,10
18537,3
18523,14
18245,5
18279,1
18292,9
18286,4
17823,13
17837,11
18587,14
18593,1
17878,15
17850,2
17844,3
18544,13
18222,0
18236,2
18550,6
17893,11
18578,7
17887,11
18020,12
18034,7
18008,1
18197,10
18183,6
18154,14
18632,15
18626,9
18140,9
18168,7
17918,14
18395,11
18381,8
17924,10
17930,12
18430,14
18356,12
18342,8
18424,14
18418,3
18419,13
18343,0
18425,15
18431,6
18357,1
17931,8
17925,1
18380,14
17919,6
18394,9
18169,3
18627,2
18141,15
18155,4
18633,1
18182,10
18196,15
18009,4
18035,2
18021,13
17886,11
18579,12
17892,15
18237,8
18551,14
18545,15
18223,11
17845,2
17851,1
17879,5
18592,0
18586,8
18590,2
18584,3
17847,3
17853,10
18553,1
18235,0
18221,2
18547,2
17884,8
18209,3
17890,10
18037,11
18023,13
18180,11
18194,4
18143,4
18625,14
18631,5
18157,5
18619,9
18382,13
18396,6
17933,0
17927,7
18427,0
18341,9
18355,4
18433,7
18369,6
18368,5
18354,3
18432,1
18426,14
18340,10
17926,1
17932,1
18397,6
18383,11
18618,9
18630,5
18156,13
18142,5
18624,14
18195,12
18181,8
18022,6
18036,6
17891,12
17885,7
18208,1
18220,3
18546,0
18552,9
18234,9
17852,0
17846,10
18585,4
18591,12
17842,12
17856,9
18595,14
18581,11
17881,9
17895,0
18218,3
18230,6
18556,11
18542,10
18224,15
18032,15
18026,12
18185,4
18191,0
18608,8
18620,1
18146,4
18152,12
18634,6
17936,3
17922,15
18387,10
18393,13
18378,8
18344,11
18422,12
18436,11
18350,7
18437,12
18351,13
18345,9
18423,4
18379,5
18392,2
18386,2
17923,3
17937,8
18153,5
18635,1
18621,9
18147,7
18609,6
18190,7
18184,3
18027,12
18033,8
18543,0
18225,4
18231,3
18557,9
17894,0
18219,3
17880,0
18580,0
18594,13
17857,2
17843,12
17855,10
17841,12
18582,1
17869,8
18596,11
17896,4
17882,0
18569,5
18227,12
18541,8
18555,6
18233,6
18019,1
18025,10
18031,14
18192,1
18186,10
18179,10
18637,0
18151,3
18145,1
18623,5
17921,12
17935,10
18390,1
17909,10
18384,4
18409,8
18353,8
18435,7
18421,8
18347,8
18420,5
18346,9
18352,9
18434,14
18408,7
17908,6
18385,8
18391,5
17934,9
17920,11
18144,9
18622,3
18636,8
18150,15
18178,10
18187,2
18193,14
18030,1
18024,8
18018,3
18554,7
18232,2
18226,11
18540,5
18568,13
17883,11
17897,11
18597,2
17868,7
18583,0
17840,10
17854,0
17859,1
17871,5
17865,12
18565,10
18203,12
18217,14
18571,13
18559,1
18001,1
18015,4
18029,6
18175,5
18613,15
18607,2
18161,6
18149,13
17939,5
17905,7
18388,9
17911,1
18411,8
18377,15
18363,0
18405,2
18439,0
18438,10
18362,1
18404,7
18410,10
18376,6
17910,1
17904,12
18389,7
17938,11
18148,13
18606,2
18160,8
18174,2
18612,7
18028,4
18014,7
18000,11
18558,8
18216,1
18570,4
18564,15
18202,2
17864,5
17870,4
17858,8
17866,8
18599,2
17872,5
17899,14
18572,14
18214,1
18200,4
18566,6
18228,9
18016,7
18002,3
18189,12
18162,15
18604,10
18610,9
18176,12
18638,15
17912,11
17906,1
18406,13
18360,0
18374,1
18412,14
18348,7
18349,5
18375,3
18413,9
18407,4
18361,13
17907,15
17913,5
18639,15
18611,10
18177,9
18163,4
18605,7
18188,15
18003,1
18017,7
18229,2
18201,0
18567,0
18573,11
17898,10
18215,2
17873,5
18598,1
17867,11
18588,9
17863,4
17877,4
18239,7
18211,10
18577,2
17888,10
18563,0
18205,12
18013,9
18007,9
18198,1
18629,15
18601,9
18167,0
18173,13
18615,3
17917,2
17903,11
18359,3
18365,0
18403,5
18417,6
18371,4
18416,14
18370,15
18364,11
18402,7
18358,2
17902,11
17916,4
18172,6
18614,15
18600,10
18166,1
18628,4
18199,7
18006,10
18012,6
18562,4
17889,12
18204,5
18210,14
18576,11
18238,6
17876,6
17862,11
18589,14
17874,8
17860,10
17848,2
18548,0
18206,10
18560,2
18574,15
18212,6
18038,0
18004,0
18010,4
18158,15
18616,2
18170,13
18164,15
18602,4
17900,4
17914,14
18399,0
17928,6
18428,12
18372,4
18414,13
18400,9
18366,11
18401,8
18367,14
18373,7
18415,11
18429,8
17929,4
17915,2
18398,12
17901,6
18165,3
18603,15
18617,13
18171,12
18159,10
18011,12
18005,12
18039,12
18575,0
18213,13
18207,0
18561,2
18549,11
17849,6
17861,2
17875,4
17812,0
17806,8
18260,5
18506,5
18512,9
18274,6
18248,7
18089,10
18062,5
18076,5
18670,8
18116,7
18102,2
18664,6
18658,15
17966,14
17972,10
18499,11
18314,11
18472,4
17999,12
18466,13
18300,11
18328,13
18329,5
18467,11
18301,10
18315,8
17998,9
18473,15
18498,15
17973,4
17967,4
18659,5
18103,0
18665,14
18671,10
18117,6
18077,9
18063,0
18088,1
18249,0
18513,4
18275,4
18261,4
18507,15
17807,10
17813,5
17839,6
18288,14
17805,3
17811,3
18277,6
18511,7
18505,4
18263,11
18539,7
18075,10
18061,14
18049,11
18698,8
18667,0
18101,1
18115,10
18673,12
18129,15
17959,1
17971,12
17965,7
18303,1
18465,13
18471,1
18317,2
18459,6
18458,8
18470,2
18316,0
18302,9
18464,2
17964,5
17970,9
17958,7
18128,0
18114,0
18672,15
18666,1
18100,15
18699,3
18048,0
18060,1
18074,5
18538,12
18504,14
18262,3
18276,4
18510,13
17810,4
18289,6
17804,8
17838,8
18299,13
17814,12
17828,3
18528,5
18514,8
18272,6
18266,10
18500,4
18058,15
18070,4
18064,12
18689,11
18138,13
18104,10
18662,1
18676,3
18110,15
17974,7
17960,14
17948,11
18448,4
18460,6
18306,4
18312,12
18474,12
18313,8
18475,5
18461,3
18307,8
18449,12
17949,15
17961,3
17975,4
18677,3
18111,1
18105,14
18663,5
18139,10
18688,2
18065,9
18071,13
18059,6
18267,4
18501,10
18515,3
18273,12
18529,15
17829,8
18298,3
17815,12
17801,4
17817,1
17803,4
18259,2
18503,2
18265,8
18271,4
18517,7
18098,11
18067,12
18073,1
18649,13
18113,11
18675,11
18661,10
18107,12
17963,2
18488,1
17977,11
18339,15
18477,5
18311,14
18305,2
18463,9
17988,8
18304,8
17989,11
18462,7
18476,11
18310,13
18338,5
17976,0
18489,4
17962,11
18660,12
18106,8
18112,13
18674,0
18648,13
18072,2
18066,5
18700,4
18099,4
18270,4
18516,3
18502,8
18264,13
18258,11
17802,6
17816,9
